area,rooms,age,floor,has_parking,location_score,is_school_district,metro_distance,price
97.41785382528082,1,8,17,1,3.8557492967843787,0,100.0,2202176.168744629
81.54339247072038,1,43,1,1,9.207636257796699,0,371.49963944809025,1644786.8563925899
101.19221345251731,3,20,25,1,1.5483584954864795,1,1647.8513652569482,2318087.8582737264
123.07574641020064,3,33,19,1,7.2461567269516785,0,467.8459122378747,2887915.6229898627
79.1461656319166,1,26,4,0,2.644760493886923,0,2048.791514015389,1484444.2026762196
79.14657607627049,4,39,17,0,3.8714056689901586,0,919.7631017976762,1863788.6736737269
124.48032038768478,1,21,9,0,4.739626567558593,0,100.0,2641677.262256956
104.18586822882273,2,49,24,1,9.172135804374768,1,537.0568162874932,2654273.0216410253
73.26314035162619,3,42,2,1,3.1832043946644264,0,168.9734760303646,1607494.05842675
98.56400108964911,3,43,8,1,1.821779222902032,0,410.05507417772145,2063053.9055032171
73.41455767968844,3,41,15,1,3.868206435914712,0,163.79751161877832,1759559.9122672859
73.35675616074357,3,9,7,1,1.9420837348198001,0,214.5233018741496,1730354.3317247664
91.04905678915085,2,24,27,0,2.1573683736449727,0,1283.071661379421,1908238.4725861505
40.0,3,37,6,1,6.1646553817752405,0,115.74110127338136,1264521.826322696
41.87705418717418,1,49,1,1,1.54811739789544,0,1036.169881658621,907675.3007533529
70.94281176897569,3,41,15,1,1.2783779325420943,0,100.0,1378215.276686204
59.67922199163941,2,17,23,1,7.42972691323448,0,100.0,1646383.0594814613
92.85618331488185,3,24,26,1,4.2548238535694,0,964.3914750825994,2219377.432444579
62.29939811196972,2,21,7,1,2.1283781431048596,0,497.8780949503679,1542372.873355876
49.692407466617716,3,39,29,1,3.282514937737374,1,687.6497890168669,1276600.7597267872
121.64121922303886,2,41,25,1,6.778778566171591,0,117.49273976135628,2748318.4691717103
79.3555924878366,3,39,17,1,3.479829104267661,0,385.10424539873776,1824967.6401011052
86.6882051171981,1,13,2,0,5.450690126083671,0,668.2175720504376,1801157.2699374878
49.38129534466358,1,11,27,1,2.0952577605400506,0,493.50970227795926,1259290.102454572
71.39043188687043,2,46,9,0,6.292842738449023,1,319.0443203537364,1707058.433552866
87.77306474274666,1,19,29,1,3.8446991545893767,0,1606.742521112445,2055940.658195599
56.22516056444243,3,11,9,0,6.642715910758449,1,563.7487391043933,1514223.8353227668
94.3924504586418,2,13,13,1,8.275553940736206,0,1191.630835400446,2120224.463606974
69.98403275202988,4,46,6,1,6.504817774509932,1,654.2418619291333,1855483.7328341983
77.70765625516808,2,45,6,1,3.661728063355186,0,664.8880745449883,1724898.5237693621
69.95733469426507,1,1,20,0,3.3016933139347033,1,100.0,1659777.9005814516
131.30695461272344,3,40,20,0,3.9467886286010323,0,222.72546198502152,2483642.5549969766
84.66256938155165,3,44,21,0,2.481584619128544,0,977.2665334095867,1825518.5100285746
58.557226776102496,2,19,3,0,2.630546657650181,0,132.37606697666405,1331311.4829642246
105.56362280257973,2,12,17,0,8.11621991710151,0,100.0,2502475.7814187366
54.47890875072444,3,8,17,1,4.462593188567005,1,197.34126725738562,1554459.9017712735
90.22158987511888,2,8,12,0,4.923956625135272,0,124.51145391266579,1994155.0939399917
40.0,4,45,16,0,6.3464451901013,0,1297.0585822160215,1189484.3613388678
51.79534877753924,4,12,15,1,6.306881456363929,0,1012.3503381085121,1306325.943897361
89.92153089672809,3,48,13,1,1.6063918436973315,0,346.2569208635698,1913985.4554614464
103.46166449988526,1,33,23,1,8.48386707703899,0,100.0,2389979.4869220555
89.28420702974927,3,45,1,1,2.595938979015455,0,626.8658244203826,2007627.1764784656
82.10879294029398,1,26,17,1,7.50764472444702,0,488.30140694909613,1943615.8906407403
77.47240761026778,1,39,3,0,7.954038893153499,1,1762.60999002666,1746617.8553532716
48.03695024081431,2,28,26,1,7.434095806821823,0,409.3021890116311,1414337.2300427938
67.00389479013228,2,5,15,1,6.210798818987307,0,205.0331311531412,1702491.9389768927
73.48403072600532,3,8,4,0,1.1314809739799458,1,365.9665554441874,1609505.4419814844
111.42805565547289,3,25,4,1,4.2433794312685365,0,1937.924893580113,2497021.663253251
93.59045723921153,3,27,18,0,6.4435548642632305,0,595.9602505530224,2187724.2728232136
40.92399611593165,2,46,17,0,4.487061663302848,0,557.3344615108787,1117019.4783273125
93.10209923486988,2,23,19,1,8.771319054215319,0,137.6670383399053,2293303.350444088
75.37294298959209,2,30,11,1,3.779220478146538,0,680.5131864314958,1560022.6532060958
68.07694999235103,4,45,20,1,3.641813132127944,1,693.6911352829593,1627229.4420243641
100.2919072210217,1,47,3,0,3.3939792378339217,0,190.84180921449,2141711.6311909887
110.77498806239878,3,23,8,1,3.9950278206471594,0,330.5470394188952,2417459.353744099
108.28200297790497,2,49,14,1,6.016644678827685,1,174.49749304283583,2384691.343647557
64.01956191943404,2,47,26,1,7.363137648453317,1,149.6783585583061,1813342.8874469574
77.26969060371964,3,20,1,1,6.963111259649066,0,100.0,1875713.5686423976
93.2815857850891,2,18,14,0,8.269460379833315,0,167.88446325821067,2265059.2342475783
109.38862817805898,3,18,2,0,8.973225959476824,0,403.68447613862867,2455423.702289771
73.02064405386776,4,2,29,1,8.34471138109016,1,100.0,2309135.455876648
80.35852558340457,2,4,23,1,1.1705086303691912,1,166.4925206471144,2067162.2908595526
57.34162564984929,2,30,4,1,7.623261581967899,0,1066.0429576483261,1375940.9646429215
55.094834397983234,2,33,24,1,2.8755961625649844,0,450.2684699167159,1118120.156748816
105.31314555985495,4,36,27,1,2.1963523843718438,0,468.0717809184839,2592308.432985299
118.90600071427058,2,18,29,0,6.74639906319222,1,258.2242890140512,2779326.7302015824
83.19974696049165,3,37,19,1,3.877688758669254,0,564.2350294938533,1830767.736672462
110.08832244730061,3,19,6,0,1.5140544703339893,0,105.31901505323533,2482712.5296379174
94.04090062619085,3,47,25,1,2.238667609585252,1,853.9301937609358,2289475.4222774
68.8720061348719,1,28,1,1,1.0083647518296495,0,100.0,1570970.7195835854
94.03489013771035,3,40,17,1,9.129012646102366,0,533.5587797807888,2261046.1787898894
123.45091416164922,4,20,8,1,1.2215618545711473,0,208.62918236155159,2917598.0242552506
84.10434902225121,1,49,19,0,2.8851019255855994,0,688.1977001148044,1545814.26615516
124.11609139535015,2,33,21,0,4.746365026191166,0,398.99230682023773,2583527.980400581
40.0,4,12,1,0,4.209141933557372,0,301.06221522026476,1124240.8892738041
105.54756260938059,1,15,5,1,9.20553289221498,0,100.0,2591928.373377773
87.17617670595428,3,41,27,1,1.362600511610879,1,506.430365850273,2124388.844202889
77.52481623835331,2,39,16,1,5.609932369093464,0,1839.8576551304777,1752710.5691525815
87.29401941338756,2,2,6,0,7.124315162719366,0,873.2117029641937,1994630.8223661005
40.0,3,29,8,1,9.38528176313052,0,100.0,1347909.5387298511
79.50820280406221,2,41,13,1,6.58334126911349,1,235.98628585966077,2079384.1697651588
93.92781428779367,2,10,16,1,8.233797124105864,1,1299.035496058652,2328137.11028877
121.94735111853791,2,2,3,1,1.7535244406081356,0,349.62664000667326,2571133.282982566
72.04324454315882,2,11,19,1,4.473455598432347,0,542.5201419134612,1675669.340533926
64.7876599276703,1,13,12,1,4.365524210311607,0,1218.6262544179917,1437970.213212457
72.45607391038658,2,10,16,0,8.97659394810146,0,1034.922628508716,1886704.935335248
107.88505294255185,4,14,27,1,2.3623405413694742,0,348.3972876526858,2530176.561560869
93.21877774149212,2,18,11,0,2.3669755510296726,1,287.8121361736433,2192407.3026775694
71.75599490582402,3,9,10,1,3.957023348972186,1,207.52491140182033,1931847.0640372874
97.83168582783391,2,39,25,1,1.4901944263015383,0,634.7349023964111,2100521.9228315316
87.42693873370101,3,28,20,1,2.6421223658724102,1,169.1276723370338,1982238.1506694208
109.21612476332223,1,3,4,1,9.686886746911616,1,143.766112793625,2826472.1411863975
67.44867265306618,4,20,12,1,4.853655458804555,0,220.22233164096062,1665830.5221334966
76.80844633505579,2,6,23,1,6.688172875801928,0,100.0,1916498.5796701743
75.19729617169605,2,27,2,1,7.535001334101732,1,593.9182093613475,1921800.3070562128
48.41212629669704,1,2,24,1,4.302652663064804,0,478.86980690620516,1250331.8662029284
92.4030069266144,1,29,22,1,2.3250436696946526,1,329.7387441927825,2183526.066463671
91.52638180449723,2,38,19,1,2.8592291459960273,1,247.41526442057648,2045470.7019290815
85.12783641606153,2,3,25,1,3.819398289225493,0,1198.7916466665358,2014437.7664890648
79.13532166562133,3,16,5,1,6.724615783170031,1,100.0,2074544.6489321417
49.615731448739645,2,30,8,1,4.58452494180149,1,732.9020496892455,1495338.213822653
74.48386693086603,2,40,7,1,1.0613322811011532,0,1160.9327442578224,1453836.111867236
76.43213708683076,3,2,14,0,5.710664665607247,0,295.6154161084031,1751798.7464262594
64.94306826945953,3,17,24,0,9.29362052716676,0,400.0216500722633,1656712.5263990671
80.96785720834977,1,41,23,1,8.308698499078112,0,1445.359099888453,1777146.5456401857
95.10127142036346,1,12,3,0,8.42690234133668,0,119.30471395566165,2147008.303069565
132.15464753026325,1,35,18,1,8.155522158455181,0,367.12507371699786,2870627.563273009
89.36444532079598,3,43,16,1,3.913577430493813,0,321.9129854988148,2024099.207390939
91.4387597680691,3,1,23,1,7.886744503789528,0,149.46767545236415,2413195.379748436
83.13885210584581,2,45,19,1,2.288452220300737,1,853.5067116081632,1935488.4350622024
40.0,3,15,19,1,6.919445325483582,1,1149.2994978393333,1354832.8258893685
84.33715311376957,3,26,18,1,6.77411710016495,1,761.4754984898361,2089004.8050293333
86.50575524852566,2,37,20,1,1.2301281918076121,0,108.67950755524004,1840439.4051921237
146.58105281213216,3,21,16,1,8.091731202318385,1,100.0,3463197.545151255
80.19097588047194,2,49,8,1,9.129232945856176,1,464.99771346855516,2127560.6480798014
92.53868355834031,1,31,28,0,3.406737506248969,0,100.0,1859519.0980340056
84.13220575736892,2,25,1,1,8.311516517675358,0,558.631399446927,1940751.4234375774
55.7830490595117,1,23,17,1,1.741653746757534,0,377.96279415220874,1270094.2574246507
113.57057036287551,2,24,12,1,6.399710724349594,1,543.5183713938342,2920542.6669974155
103.79832581716936,4,38,21,1,5.370821788008494,0,446.0073635748636,2397576.160314678
104.77579867607616,1,28,11,1,5.913311799781,0,274.6988339321536,2341242.19145936
62.26531363013153,1,21,5,1,9.335846816959105,0,112.12031402908852,1689941.4556663004
120.06985777340248,2,43,27,1,8.841837225221681,0,182.42710571729774,2791994.119971881
49.95372343019298,4,18,12,0,8.065752915157812,0,371.69480230415377,1443261.1080507308
99.67142734500676,2,36,17,0,3.463286119105339,0,527.5869148915676,2086256.1469836636
139.76139064524946,2,35,6,1,9.206367658174825,0,755.8902830646762,3129727.5187111143
60.23659187173279,1,45,1,1,1.8775692321748774,1,728.7248955882457,1316969.5627154843
70.8425567599307,1,9,5,1,8.67996294902909,0,1800.2281635095298,1797882.7858294344
87.49128412719104,4,38,25,1,3.9534406511824702,0,168.32514029943727,2102417.8422731706
72.41310864709502,4,30,28,1,1.4839508049578503,0,100.0,1780497.149860016
46.233414223346685,1,44,14,1,7.0242128581667345,0,212.06175083428332,1094342.9881399155
86.71407437015068,4,34,5,0,3.081519354843599,0,679.9128345153742,1999142.2512958746
58.44240715684738,3,32,22,1,3.192140132781687,0,288.22605807222124,1528181.3047737475
96.83981076587953,3,3,24,0,3.7544244960589435,1,851.2933988803444,2226007.270394126
62.01439414415492,2,3,27,0,1.5731629075226505,1,398.50592465075965,1517825.3936800223
123.7483601254385,2,28,1,1,2.594144297784286,1,1328.1445318274803,2890730.9990018327
65.41866769159407,2,44,18,0,1.0462566482700426,0,1476.94444360706,1231266.5944225527
76.94846209485812,3,15,16,0,5.008685689952081,0,100.0,1861106.0653140587
105.33793043424174,1,41,9,0,1.7582983967617416,1,304.7831602717847,2240269.4975824947
54.228392089151114,1,23,19,1,7.143873445397791,0,470.40578933456675,1402563.8615006155
90.68649836510323,2,40,22,1,3.1206056607248356,0,147.77147135467868,1990298.337965937
117.6785688570607,3,11,5,1,9.492167296316595,0,261.3451822771636,2909726.5908415955
44.81291913596931,2,48,27,1,8.841264646587874,0,566.1076097193269,1111022.456336248
89.6158464633076,3,32,2,1,3.6049680547138743,0,128.56623458738795,1942562.3218035921
91.49706985621059,4,36,15,1,8.048939091910109,1,460.6282114861139,2545648.360678478
104.54557179443276,1,33,7,0,8.229204141983256,0,597.7507737519805,2493868.872671645
54.07623222804795,3,24,4,1,9.879068027029694,0,100.0,1537354.7415092133
51.98858467289309,2,39,1,1,6.380559881611164,1,344.10899055195534,1609832.9143103284
98.04853914042243,3,34,13,1,1.7376916117929597,1,152.63799072996937,2223871.306646286
92.42461683082965,1,28,20,1,6.821535060337428,0,644.377617264871,2053092.2477328226
91.26232125864692,3,37,22,1,6.624817735384317,0,105.08621346694638,2308637.984139666
93.6612052374244,3,7,7,1,6.745155196783886,1,1113.9147017541688,2499711.119479257
67.99938196053773,4,4,15,1,3.7643108329379036,1,281.88587545268336,2060921.9564830638
90.8063424290251,3,37,23,1,8.737116265722996,0,110.32522478055344,2264889.4089624817
92.32681183246703,2,1,14,1,9.635249646598707,1,288.14610669102916,2369576.1962620537
67.1412145493408,3,1,23,1,2.959412616803364,0,262.75289503529206,1698709.3473404788
131.64436277861893,3,47,19,1,1.7933694232298,0,280.11207603267604,2909286.35059542
96.84582302279469,2,20,22,1,2.7508152985163568,0,440.41509433817134,2139359.097260004
55.217412569933785,1,19,29,0,8.38496925330147,0,368.2087149240755,1341889.8028486664
101.41384021584574,4,29,24,1,7.089801713378628,1,100.0,2654356.196014686
60.63295824431697,3,10,20,0,6.7244260810521395,0,100.0,1496441.320763384
104.6771150935613,3,18,29,1,4.6161382159848205,0,653.585327756402,2453504.7901069922
113.9648894751851,2,28,24,1,6.200451743602922,0,410.1692835571312,2583458.1026077927
64.48294204120724,3,35,18,1,3.7708671274693066,0,222.3635101568832,1492296.1383702443
109.08440323110804,2,43,10,0,5.294800714761651,0,826.0626522856446,2403084.556206039
95.31952317341246,3,47,9,1,8.137567255335902,0,245.55927360633603,2308205.089551277
105.55150399986225,1,31,25,0,9.83117437709916,0,794.7320851850504,2336703.6111778556
132.4198245663487,3,27,8,1,9.392400312308217,1,182.4659894616514,3232023.05441298
78.86529709992824,4,11,26,1,9.404793485616239,0,100.0,2103322.186582268
66.15659589106276,1,49,29,1,4.620013613624011,0,1348.8496816664394,1382890.5686723515
62.762139259361916,4,49,10,1,5.219108924561119,1,250.8925804884747,1529971.2340735989
64.60474287586405,2,38,17,1,7.3507185673208335,0,786.7762160760984,1531498.1157797766
83.0724572646474,3,5,2,0,9.299727352461558,0,163.6580345315845,2011765.0553446007
93.5287993704161,3,8,6,1,2.277948334168762,1,519.7451441385178,2302008.60533415
91.91726998325048,2,34,26,1,3.738176774444762,0,1033.009507131076,2077900.3929085555
105.67958122590059,3,48,5,1,2.2532216013469855,0,100.0,2189969.805578133
85.32504729694767,3,12,28,1,6.508076769635098,0,887.8518223550612,2143335.9487536056
121.33835192893292,2,38,9,0,3.756708971987838,0,423.53744842329405,2430372.9804831604
78.3835791690511,2,1,5,1,3.934970672613161,1,467.57338989242203,1995839.984197723
153.00422916474048,3,31,18,1,1.638243635391813,0,370.2850407761898,3196584.281474957
100.64168369412516,3,4,26,1,4.148164556268327,1,1037.6255799375149,2585143.4627797073
63.57106108959294,3,49,20,0,8.762468566614269,1,100.0,1716972.5887897466
58.22768754847219,3,45,9,0,3.0976553070175146,0,151.24788881483454,1267441.6598204945
97.06181038107964,2,5,17,1,7.256687195890591,0,1042.780267734635,2257556.242132129
79.41343036685373,3,30,27,1,6.666655104447334,0,697.8607335540835,1908426.914961759
102.8500123523023,1,24,17,0,8.771361475322038,0,100.0,2496047.172538312
96.83094061433862,2,3,12,1,2.1905915288593443,0,363.8758170649657,2127950.6297389986
83.17927718357818,1,11,7,1,9.798309643105389,1,377.0569036839273,2251934.386650695
63.83015704828988,2,45,27,1,6.24365781436329,1,256.14846541038025,1669525.2743997197
47.128819382853386,2,4,3,1,9.95926737112133,0,176.47902440984092,1453907.3597599145
73.83712619832447,2,26,10,1,9.203632532792657,0,572.4195100197703,1937100.6970191975
106.40996985808681,3,27,2,1,2.993655449017952,1,116.46467869603633,2481281.917726246
90.3523436032551,2,46,25,1,1.505458089129818,0,802.0972467857242,1974146.012447794
53.856530532200296,2,43,3,1,3.300751844158254,1,812.3701006875373,1639569.7116555867
89.32952314627956,2,27,16,0,5.748072840994779,0,268.29521673727413,2045420.7432398594
94.63293449322092,2,42,2,0,2.54436730358671,0,166.72202075455905,2103013.4150169077
62.90356409497167,2,6,28,1,2.5071377006618967,1,166.9524945250434,1718050.9630394508
88.8431276486382,1,15,24,0,5.163341923946378,0,329.1712982334018,1860983.2225067366
86.45521796115,3,30,10,1,1.2994117405242258,1,635.7320175437955,2082941.4708131491
56.42574255423442,3,42,6,0,2.0969927427904342,1,222.26049639841156,1333941.04381944
93.94468400870709,3,37,22,0,4.742752054671528,0,470.85984411727986,2013164.9752001846
99.01961315920586,2,37,26,1,1.5681691828716982,0,241.02552287410452,2110358.3071725573
112.07628107938193,2,42,11,1,4.5707955080997635,1,181.57880493654815,2574542.902859025
111.34505130087257,3,37,23,1,5.266056393536005,1,100.0,2568890.2272442454
50.55826580107272,2,35,7,0,5.06139952665803,0,100.0,1433853.4602931745
61.55437400212193,2,23,27,0,8.822573716627787,1,128.8724656080018,1781974.3336763321
97.8758816802165,1,6,29,1,5.770562095465592,0,260.7800890785392,2290857.9192709383
97.84464877280521,2,4,15,1,5.21182416230239,0,952.7816560387853,2286180.078329498
97.8761921576512,2,18,6,1,4.6963832085249955,1,800.9438508981606,2484631.324353
181.31828726636803,2,9,20,1,8.358610404740375,0,155.4175315360703,4254572.7430698
99.27226276732918,2,49,27,1,9.055509435998498,1,140.21451505877667,2532814.7853266206
113.38914100451497,2,29,9,1,8.679182222774058,0,128.94648400994166,2639698.6275717546
108.85004408733006,3,13,22,1,7.0619192031825175,0,207.18028321813782,2744979.259375476
101.28478128264496,3,47,20,1,2.236255713718068,0,344.7755466812637,2209123.710424402
77.11826888399136,3,17,12,1,3.4918297254281105,0,288.7211710136522,1875877.3269849075
103.97423051233169,3,45,19,1,1.414567573137797,0,123.12497926626824,2333560.229858626
65.67936963656071,4,32,20,1,9.377416674911027,0,100.0,1758261.979191119
79.07953483149979,1,48,3,1,6.947186767218193,0,100.0,1569422.8599059517
72.86591130427242,1,22,15,0,7.717265958819174,0,100.0,1642328.1823170218
87.04685348465806,1,4,2,0,3.8041456562400606,0,610.9943437302876,1960141.6454436958
142.86646416683772,3,5,21,1,8.610881700496082,1,139.61796708579914,3569118.464781739
40.0,3,37,2,1,3.3364295533763064,0,316.12182599399364,1149037.4610226694
102.15650475936283,2,41,22,0,1.0147938140120472,0,447.38834979056196,2023943.0392248556
44.68210322025871,4,49,3,1,4.3877346626862455,0,1089.48025547202,1297577.0234709973
73.20170335526416,1,13,6,1,6.136853328631661,0,1098.4602545552118,1741677.244918325
112.22376492418415,4,34,15,1,5.3083437216897025,0,684.686634222756,2643473.1937062875
86.60700047738656,2,45,27,1,8.758685283189372,0,100.0,2155261.8438728433
58.05638055176735,1,22,10,1,1.9486475736055024,0,427.9159078759163,1146862.1573966239
67.1174072685008,2,23,9,0,5.98441096570353,1,772.2547434209189,1595945.660210011
101.98994372336689,2,3,1,0,5.616814148388167,1,100.0,2344494.247212258
66.74083420707159,2,42,16,0,3.532536839549467,0,398.9035415817437,1530036.4369811628
90.41146473954937,2,34,6,1,8.400053013193094,0,975.1343270280126,2094182.537472297
86.13929599759534,3,32,9,0,7.775637902939857,0,321.32407280661937,2215386.772916442
68.70999130985457,2,45,27,1,7.595732685986479,0,100.0,1672409.4042659118
138.59860223313314,2,49,4,1,8.885732304426003,0,100.0,2926406.6289872928
100.84797555795028,3,21,27,1,7.505061405593691,0,269.4719974102166,2363480.1623080936
40.0,3,46,28,0,3.086571625432538,0,100.0,942334.785084909
89.66135786923569,2,44,2,0,7.3500644048472195,0,545.9931303185866,2024328.2133431064
68.4553383807903,2,21,29,0,3.7693253205085946,0,616.8712191510288,1437365.3300398057
106.3108333699056,1,44,4,1,3.179571853127235,0,100.0,2278451.9001725563
65.18698153918248,1,11,1,1,1.657032336096646,0,1097.0146422232617,1513064.5837266794
82.13158896332753,3,39,19,0,7.69625722312909,0,291.61558893473034,1855592.4242261958
97.62468197451143,1,4,26,0,7.3990086575483005,0,100.0,2433379.6204225924
106.64387985425304,2,1,25,0,3.1104952990668435,0,722.49506807641,2280476.6523604826
54.9925898236056,3,28,10,0,7.744411150517403,0,780.2631635724765,1292591.0602946302
76.63746910397629,1,24,21,1,9.260567947841977,0,509.8480698139345,1726447.2076458521
73.12636722097609,2,35,15,1,1.9722606174242134,0,960.2473732204797,1714554.285347055
68.6667691856572,2,13,27,1,3.0937297454809745,0,668.5101989632244,1623065.3598328992
129.13635600702742,4,47,22,1,7.75234714678584,0,1069.407856033028,2906980.778477024
95.1245427740239,2,34,19,0,3.4705600615637042,0,284.4817130711905,1870504.1795227826
53.477901141623875,3,11,16,1,6.621975768553451,0,688.3643850049665,1428524.9158322853
107.9465486763694,2,36,21,1,1.7304780201734307,0,3000.0,2481989.8529002024
138.05390492531583,1,17,27,1,5.069822311931849,0,645.3670108851629,2791816.677270457
110.81163151377868,3,35,24,1,7.651822797936577,1,100.0,2679621.4741104157
47.01575085114966,4,18,22,0,7.178625487389272,0,365.23631675336145,1495647.4523138253
72.89414817834371,3,40,4,0,8.335648906082262,0,442.57507517090914,1857998.2339528762
116.67277872966557,3,22,2,0,8.89706913942852,1,100.0,2777305.0819480387
67.30826335953049,3,24,25,1,7.958651511328824,1,1646.9564204676155,1905345.1938146527
96.09548570365571,2,19,13,1,7.044289686450334,0,100.0,2313532.1451360653
104.36585133573342,2,37,28,1,1.2855024263442805,0,100.0,2234265.957685724
61.82673821054793,3,39,1,1,5.814700060684997,0,1233.5361436836508,1678750.0641187532
83.511866098455,2,21,17,1,1.339279524233675,0,312.936296485691,1872132.4023121917
40.0,3,8,13,1,8.272610354044204,0,100.0,1378729.93971763
59.39030896664275,4,28,4,0,3.886520720139618,0,455.8848584636231,1433443.9806773325
78.685796215171,2,5,7,1,6.061864367061288,0,460.4335294429997,1715124.3034537518
53.80542045087876,2,17,17,0,3.5150077658701235,1,100.0,1276317.3666580305
125.81028259829088,3,37,9,1,8.042501299422643,1,1797.193816057645,2901049.029696741
49.24646555098418,2,36,4,1,8.978522739777123,0,392.66409249613304,1297503.1256354742
73.9988878325754,3,19,19,0,4.587782447917576,0,410.2581960177523,1929247.4900701195
88.26851443215229,2,27,1,1,8.766301541598901,0,367.10482543608737,2157258.384669836
121.03183222665288,3,34,10,1,3.4036750671069917,1,471.7433302432554,2790733.219734926
49.103446220514016,1,11,4,1,5.811948307679715,0,153.4662580008884,1378213.8480962187
114.07909380387399,3,45,9,1,8.728852868548335,0,169.30620616455056,2498872.9704604642
85.25582652548968,2,47,13,1,3.9329320835421133,0,358.04323260527485,1818974.1113491277
60.46228372380123,2,12,14,0,9.586380385702771,0,821.7193589062016,1494669.8334749793
96.55258685658177,1,21,10,0,2.0969155160324524,0,100.0,2028763.3585594227
89.97649238933676,3,11,6,0,1.164475627511556,1,462.4188418902464,2187799.3690096736
69.99457807103013,3,39,16,1,9.137218173203715,0,821.9581147888003,1833717.499523661
86.74505212475047,2,28,6,0,1.6178379953308502,0,100.0,1852167.8306768262
75.367160078456,1,5,17,1,9.927002763527426,0,100.0,1899042.3725531483
87.8379336312812,1,17,10,1,9.562571757811956,0,187.50187252830028,2160961.773721031
101.55326686302617,3,20,18,1,2.233188190326886,1,443.54039661008966,2343206.3879600894
124.6504204036338,3,41,27,1,5.838261631233093,1,100.0,3017570.1505104485
54.05461252932878,2,46,22,1,2.664282677204299,1,277.66954761914616,1319407.0394839896
138.32583436640667,2,12,18,1,4.853396557271079,1,401.83996612650753,3103930.828693698
40.0,2,6,3,0,1.552826163338494,0,456.7511799461982,926231.7048844394
81.20537262411041,2,17,20,0,3.0153212901693056,0,160.38626692015575,1589047.7494144153
99.70793016211441,2,19,27,1,4.269455167590095,0,255.43750914818304,2414570.515286628
92.02479669337582,4,26,21,0,4.947827502214493,1,753.3035623226822,2346574.5873786677
69.43251200448515,1,48,25,0,9.79746632388004,0,1416.9316776597122,1618932.5812776901
79.79694374106812,3,44,28,1,8.27079081115583,0,989.8174018931257,1787897.7765786997
72.67497663352918,2,44,15,0,7.636689498807516,1,415.38174023002057,1737273.5645228673
70.2658810763947,2,32,15,1,5.833371832677768,0,264.0645707221659,1678093.328580969
106.24005242552562,3,6,4,0,8.559979845439091,0,202.45009463099737,2487240.964878544
93.92538714912618,3,36,29,1,4.0539055209014,0,100.0,1980268.4120648182
67.67726011848364,4,38,27,1,7.380092014959844,0,100.0,1634305.062264854
107.48999688583126,1,11,9,1,9.944055778403548,0,582.949491149273,2514153.1815543883
92.68248802191523,1,33,27,1,3.8316601804167894,1,150.413657691359,2045262.352838598
105.32155297097401,3,24,26,1,7.066157813955706,0,146.95852575454623,2636615.3557113865
100.74072104809031,2,23,19,0,8.598833777371443,1,3000.0,2462233.2702235323
64.27512472694819,2,15,24,1,9.24226825015605,0,104.08187904652978,1639342.4935388116
70.99547399507576,1,27,28,1,7.461394218460916,0,100.0,1835666.7892569138
103.68234012808155,1,11,17,1,3.5524713107542265,1,100.0,2538991.600751627
100.25925663583662,3,17,11,1,3.9365393641205184,0,433.5186055911791,2333506.7771672164
84.47746015089629,1,14,25,0,1.1868222891156779,0,494.2477162790767,1744310.2940194192
87.93318458271955,2,27,9,1,7.847973799043587,1,227.2446417553392,2217710.631967608
116.94162239471062,2,18,10,1,1.3846564545575624,0,383.30358113399615,2454712.1991300937
70.21071527910425,2,28,18,0,8.781871191424711,0,776.5276811469936,1552460.695781101
98.67743452925095,1,47,20,1,2.0679455302708494,0,852.1605545891418,2180376.7209111615
79.94518368915264,2,47,13,0,2.546888609223318,0,1583.99720676974,1563579.066047236
79.55796991931949,1,4,8,0,5.2887382374901355,0,869.3975458192517,1781253.655565942
112.46942129967975,3,7,7,0,7.6409237365186815,0,416.0224005095057,2515270.9044489036
105.63540872470074,2,45,17,0,2.2510198467916993,1,100.0,2284293.7182368324
105.33774090001596,2,35,21,1,4.960639675598486,1,100.0,2784651.750655248
117.63697017885823,3,48,23,0,5.345661469690943,0,100.0,2467509.4572933703
85.52509604081898,3,9,15,1,2.9105707750173218,0,549.0949366271077,2149696.7227885122
102.0488242823741,2,8,20,1,2.0400253901256855,0,823.9237413611434,2258918.2208086397
77.2433310851636,2,45,15,0,8.527788306870756,0,355.33383665139104,1841587.4405258314
93.10415881221105,2,17,1,1,5.52219084786489,0,100.0,2280206.9272197927
81.74642364080789,3,17,25,1,1.1294311238573767,1,383.36518708460363,2042370.8412307869
87.42489912481795,4,49,14,1,8.226831711781934,1,1372.481030745772,2229682.5975968726
99.87892563592284,3,33,5,0,9.827144248731264,0,455.17072069058617,2320680.327938339
64.54448291916319,2,32,11,1,6.453335758728226,0,828.8612594245852,1547669.657791985
137.3096818921365,3,8,16,1,5.533375483756637,0,805.100722905144,3304529.943588867
59.84956546250745,2,19,2,0,8.905742767404655,0,1345.0739522386054,1333849.5355114774
54.645284680306695,1,38,8,0,9.572651107161388,0,735.3355491475809,1132305.8200587444
113.9527718375017,2,3,11,1,7.790832243122145,1,688.5692303231573,2660603.7277174583
104.7915673490734,4,5,29,0,5.009076367608591,0,133.3535728004163,2368043.423196475
100.60299542630388,1,13,18,1,6.329992593982964,1,100.0,2528967.9940654025
100.708637731607,3,47,3,1,7.308418285161993,0,364.49026232158764,2394277.427180988
84.69383067882714,2,46,26,1,2.7484621390162127,0,100.0,1781580.2136063585
62.56864071285421,2,31,1,1,5.024809289947942,0,1637.6685445659946,1454514.5692982187
86.89511395484315,1,16,11,0,8.468391382455565,0,171.19217321925294,1889900.3135973613
68.07095721219721,2,32,16,0,6.892528136485987,0,958.4715977035436,1466670.3276438164
109.37799333544378,3,22,18,1,4.700836604906687,0,245.20491349216368,2563667.5504873875
81.32356546244654,2,29,16,1,6.970262806132133,1,195.18548732630003,2195443.889797209
64.36257008018721,3,22,23,1,2.064001708652139,0,1367.905282361598,1461131.464773062
76.96535395867517,3,43,10,0,4.613478495083887,0,225.7460721350229,1867698.0246663997
95.3232863568906,4,3,18,0,8.138156841667508,1,247.38420732402278,2601223.283119968
70.90688617990062,2,10,6,0,2.984579084229832,1,100.0,1890847.6813504626
64.44449011083921,2,42,19,1,2.6736535680167592,1,555.0085362657235,1550905.431622481
91.09218028729781,1,21,4,0,9.557367939247882,0,170.42850799985635,2248224.69832666
91.12416427771807,4,16,27,1,2.8890786662760766,1,440.4668228076047,2527300.573084069
72.32642061572176,4,12,13,1,3.3482672168515126,0,447.45020249319066,1753775.671434515
73.22404235954193,2,2,24,1,9.726543450139042,0,635.055761385205,1926159.131630497
90.80124843394091,3,41,14,1,7.612377132385231,0,683.719593556836,2056950.0405385988
48.797891462566895,2,24,3,0,7.296368797211754,0,361.239011826661,1104202.6033150745
49.81340564058612,3,35,10,1,8.676337454691232,0,200.9795912295431,1274283.510501239
67.03889446868911,1,30,6,1,2.0424077401311482,0,908.3875686144102,1348735.7570266991
79.66382120720382,3,30,1,1,7.353606129220065,0,185.4344946711814,1978649.7160258119
92.77268913995012,1,47,23,1,5.53319748395415,0,354.1396422340337,1949446.9605308108
121.88390542373881,3,35,24,1,8.462355762557259,0,256.45772229702413,2859835.8823642405
106.44149058005048,3,19,27,0,5.573275467986749,1,965.7811378144922,2573196.968003818
81.00153675091433,3,8,14,0,6.582172188420209,1,282.74521973247624,2054828.5568888057
84.52459480243277,1,26,8,1,5.299679137595824,0,243.96095461138523,1898339.340627372
59.93676588405478,2,49,19,1,5.303430312002597,1,585.3072052908816,1495340.8436667246
84.53717160019025,2,40,14,0,7.911729802556484,0,461.2061022845507,1881797.2267071633
77.78353402699655,2,7,10,1,6.657097605825549,0,100.0,1841497.3112682758
93.06796400845224,1,30,17,1,6.699368814484694,0,354.8098618440135,2120654.616344987
64.31922641119192,4,7,9,0,5.052542354483732,0,664.9161616984483,1552607.889078398
97.98366285602931,2,3,29,1,5.779985467037748,1,2418.851627549619,2318089.200986947
123.31847282506445,2,1,6,1,7.711458995843086,0,495.97453680578957,2930136.6245253193
82.28099628857856,2,36,11,0,8.433468272007264,0,231.2503763280378,1959728.0865337749
95.04279305247354,2,25,25,1,7.269052619296415,0,128.18964497697598,2357533.500293235
102.2535997927778,3,37,7,1,9.316656899611148,0,1031.1161731067132,2327509.6419213386
74.9694882028541,2,1,17,1,8.382916793324808,1,842.5260032618702,2029934.01712049
90.60231204526042,4,15,28,1,6.056774108285666,1,133.23617907721203,2427134.2810812066
85.31481001954486,2,37,28,1,7.042654653793631,0,111.96698815048342,1962132.5125604703
87.4419024637208,4,13,1,1,9.336774492290765,1,627.8730662734987,2465475.021098451
65.67475540361335,3,40,22,1,6.572512398187525,0,189.13323028411426,1688681.1041606038
85.61275435647357,2,8,5,1,8.423262531818477,1,182.9290605259235,2320223.9174926137
97.44995728113625,4,5,9,0,7.199294532309883,0,100.0,2502944.704922448
121.27859019487605,1,9,18,0,5.9674272495441985,0,153.24594977129317,2706937.409834266
108.98177065213017,3,1,24,0,3.176543758738178,0,278.8778723380363,2455743.279506131
138.82956143778893,2,36,27,1,4.833977675215853,0,659.9506627147497,2988057.9970983053
65.81631092779877,3,35,21,0,9.70968542350344,0,204.96861739848694,1657130.9980954272
106.80801591801696,3,2,2,1,6.9198884494534,0,199.19832889360507,2459351.989882062
89.5835501434588,3,40,29,0,6.079558423050907,0,167.67570927296796,1853133.2226802416
139.7450733304418,3,23,26,0,9.396609629754046,1,325.3156315793413,3373669.0556429774
64.79254286612121,2,9,11,1,6.2786060293370385,0,100.0,1768572.331958842
64.0069539454806,1,34,27,1,5.7347426657566265,0,332.40692759225294,1467521.7280001922
70.01518386389945,2,46,28,0,7.833797696351847,0,608.9945479304852,1771847.1331131945
40.0,1,14,6,1,7.4139905708789,1,100.0,1246768.4738182202
71.85612445798097,3,4,26,1,2.7384400756758946,0,100.0,1565898.4933185955
66.02168346115755,2,30,8,0,5.241774471167091,1,100.0,1735511.828731124
88.75984466190519,4,31,4,1,5.252638985376267,1,383.56918470451825,2218175.855381487
93.54389939442899,3,38,18,1,4.4040206371901025,0,963.6352666905736,2218603.7694224725
131.90427098039714,3,11,28,0,5.655641339370278,0,100.0,2823001.9113958874
108.76059595465125,1,35,11,1,4.7179665795442975,0,1379.629417310594,2366362.744347907
70.57740860843992,3,8,5,1,2.7941094052406483,0,100.0,1624325.3459715866
62.53963321629105,4,3,15,1,4.71129838547213,1,922.5279992965396,1829821.5425602896
97.29797928766264,2,14,28,0,1.6504925281585894,1,329.7157625644653,2301540.715804257
51.99416982448395,3,13,18,0,6.182072764969704,0,538.4607039150546,1397016.4654898576
130.78646914635885,3,45,2,1,8.682890940470006,0,357.3723529973575,2973005.4473843393
114.48600301803218,1,32,22,0,7.527583759190997,1,324.1330139623195,2497219.002235905
73.27060869738239,2,34,11,1,4.243546360487001,0,900.6002328511074,1736740.978160412
42.171636772728064,2,45,26,1,1.7836408501957737,0,705.0607522823991,1056983.7897143466
118.84680935413533,1,19,25,1,2.819344593027437,0,330.24536382129554,2448611.915181449
82.13650386868456,2,38,13,1,5.909413064453521,0,100.0,1807409.547876697
115.94540779933655,1,16,4,1,2.8635137504472956,1,100.0,2746169.304303441
45.13930853014082,1,2,22,0,5.895758001564707,0,808.5824965858424,1108643.1044611142
70.01562442615568,1,40,7,1,3.0843912228750905,0,376.8634368745973,1415295.6227313161
85.13109249295458,4,17,29,0,8.640314825284655,1,328.4935927562856,2310516.864114433
86.17451484411855,2,34,11,0,4.575443255564137,0,570.6036165940137,1794489.083421973
73.7483632130189,4,42,22,1,3.2099556335004196,1,978.9362486988299,1893791.4214320122
100.57124830868747,2,16,24,1,8.310935622223553,0,495.60567300696323,2365520.254295682
58.30948926543514,2,38,4,1,4.085550683249057,0,719.5267907185965,1311614.687983748
81.44051287446766,2,2,28,0,2.0033891905490373,1,724.6607971970799,2057458.4556476278
88.00739079279747,2,2,15,1,6.133685422632775,0,220.2313058475449,1881901.2844054808
97.86097085146872,1,26,1,0,6.234077839941898,0,160.15993263531186,2169513.6290184497
102.79037195222224,3,13,23,1,7.432261077121607,0,807.637626238412,2571167.596659974
56.88394770405327,2,47,3,0,3.16197489887547,0,236.74789329513624,1127603.8290636612
46.64714573160944,3,31,14,1,4.993942051830206,0,1168.257149367627,1304172.5686360574
116.94192054746273,3,34,6,1,3.541311271383906,1,100.0,2631175.3524066894
93.30785029948979,1,39,18,1,1.728583625041193,1,100.0,2031016.1601746688
66.28783658608616,1,3,25,1,8.889524443143024,1,1308.6764135740655,1784752.232385429
123.77879938806308,3,8,1,1,7.5598282403950705,0,522.7086545238836,2994045.878242894
87.89186585732146,2,23,6,1,3.713167535129206,0,238.69490518148376,1806963.6764298924
114.48242960159567,1,14,6,0,6.394356935847877,0,703.3718449662257,2645426.5858105826
86.68796203525272,4,27,21,0,2.811374093210252,1,557.8692696191523,2066449.22149759
136.51869812204967,1,29,16,1,9.012129596161937,0,378.79063684939086,3113653.2530046
128.8835210610801,3,39,29,1,2.034157090257193,0,100.0,2831565.926065691
78.77589628802316,4,39,5,1,1.034534309570208,1,836.1345121264557,1922954.4436256925
109.28927377385888,2,1,17,0,5.51807377965264,0,1005.0442793947223,2385158.1971311066
101.1343987396287,1,17,10,1,6.248150411075824,0,100.0,2421369.743417634
119.21578893830872,1,41,28,1,6.210687882662239,1,950.2684144173895,2685145.9203855833
60.87691348549739,2,30,21,1,1.4906073469404366,1,1051.241733869489,1429106.7896686806
102.15128649996097,1,13,18,1,3.826394262265892,0,398.6193755995962,2346616.1987075577
111.46061217123969,3,21,7,1,5.492790521571987,0,533.8171056138606,2571894.578913363
41.03151283942214,1,19,3,0,2.949212670645168,1,240.82545412237033,1186072.2853369706
55.418537183355625,2,19,13,1,8.853632969373066,0,165.49778375090736,1500403.0679277363
40.0,4,25,15,1,1.7839836051529063,0,640.0367723264351,995631.2354384838
78.26482913888606,3,22,20,1,5.3864599750483855,0,989.7986427790909,1918568.7564759806
102.93855639489905,3,31,19,0,7.222744517618368,0,530.7703352692354,2296076.341112407
122.55892630240069,2,17,3,0,3.355759901210342,0,358.3006561049824,2534493.058831654
86.85236951049438,3,23,4,1,6.618166632977664,0,100.0,2181781.2085648053
125.7153886392823,2,32,5,1,8.46446635128137,0,100.0,3038397.2700515897
50.49746354462771,2,10,1,1,2.713032775855428,0,295.0172058186394,1211793.7308599954
42.415439016121134,1,10,4,1,9.254985326423766,1,100.0,1280484.2214865424
83.61130752758453,3,36,12,1,5.9820267939612215,1,421.21194928835,2111917.080394778
94.60163622348269,2,8,28,0,3.6930880387095453,1,241.22371970285803,2303481.0142264753
84.18263129764767,1,20,27,1,4.877724478440436,0,707.7362044736559,1938577.5890644407
40.0,2,32,24,1,3.8097269540774916,0,182.3884789943878,1138067.2084896083
82.77199901218029,2,14,10,1,7.526000439399845,0,449.4497953386392,2086739.9813463984
52.38826248737867,3,28,23,1,8.166705970736189,1,385.7528022859635,1493710.4260129489
101.74181372075097,3,46,25,1,8.49643653086795,0,100.0,2355397.53527698
94.16495615242121,3,24,21,1,9.87191424627167,0,100.0,2218373.138439042
61.50300534181612,1,15,29,1,8.121558632470151,1,171.50452630312301,1848744.7098473834
72.15332706658266,2,22,26,0,6.412456636197071,0,1069.5324268254208,1474860.865353917
58.51966195277621,2,30,20,0,4.052982685526054,0,100.0,1191649.4865590746
83.4330225681707,1,4,24,1,5.901359038396745,1,620.4815095771746,2074111.3457232558
108.87855801253096,2,13,25,0,1.3696135551136488,1,1812.7939704392031,2474795.4278057264
60.35684884161141,3,23,13,0,7.703425679769218,0,781.6770194151882,1464440.865466436
97.60116288794612,1,8,23,1,5.013599905828916,1,139.1599253607031,2342125.1150551266
71.74355954068898,2,18,14,1,1.1802090675896886,0,1194.9724130340235,1551825.2272535197
65.1781791934414,2,12,23,1,1.5625624735936974,1,100.0,1682718.7203124634
82.32424100113606,1,31,5,0,4.48719817439581,0,315.6893166338928,1614735.8253949173
59.11894193951565,2,14,4,0,6.2507936711659156,0,1092.5873199307946,1315333.1977218702
71.15876736632045,4,34,14,0,5.1778355405691405,0,512.5866508681951,1848351.0504057084
55.053052685278786,3,18,10,0,6.572838855629394,1,266.91456422290764,1589147.8378097005
134.11812832290974,4,34,17,1,5.322648329122202,0,173.22998086994727,3109655.6338997465
85.88158879929321,2,11,10,0,6.95533460933212,0,235.08134520232545,2004393.0405073029
67.50686230018536,1,41,26,1,2.972134582037208,0,355.5962929671206,1451161.332781207
90.34949776835555,2,12,7,0,2.0155886846525926,1,192.12874140146656,2130328.135688187
82.19179875772926,2,49,16,1,6.367905591630939,0,1736.3659522420048,1921907.1922262865
79.47576001166942,3,15,1,1,5.362205652426767,0,1352.111166369731,1993946.7139479688
100.35416750108563,1,31,17,1,1.2418088864044177,0,1022.699677042298,2065227.667091065
103.93769275118262,2,49,21,1,4.424336969437323,0,273.94352571382217,2355542.749220328
71.73747130973682,1,29,29,1,1.9551302694189594,0,587.6955395295279,1307027.7446037524
70.604543983883,2,26,9,0,5.782211485774257,0,1165.6430628477638,1682473.0639664447
78.1237075712089,3,18,6,1,4.561999116943877,0,949.9936715118909,1819643.6558278762
40.0,2,32,19,1,6.5183671999271615,0,267.49684478646947,1148539.3237322553
47.120223445036196,2,22,13,1,8.250419968932144,1,100.0,1399984.2953991021
119.17185668611312,2,38,3,0,3.697018154573417,0,100.0,2348678.225351687
126.12419283753209,2,17,7,0,9.658918937485247,0,430.2672592760203,2893616.4828213453
78.77409901109054,3,23,22,1,5.8207105052881705,1,514.4889208126925,1922660.464632082
99.41392407639415,3,24,9,1,6.5646171887930915,0,948.0356161663177,2293288.5420460785
92.7812538635884,4,8,22,1,7.126051359031633,1,173.0194399270545,2412703.260133761
161.97202021138094,3,41,5,0,7.0005837687183075,0,100.0,3461954.66345982
112.98937278586442,2,6,10,1,5.598736687405559,0,238.21679514719207,2674706.132396239
81.80206021298083,3,5,23,0,4.858878620032152,0,218.14914401799376,1886460.0514347726
61.11148898498936,2,44,17,0,1.484037677596401,1,100.0,1431208.6647689403
44.838841993560685,2,29,12,1,1.1987726077106178,0,557.8018937904978,1100518.584049431
90.08659089668058,3,28,23,0,4.221650750794882,0,355.34196798587317,1949548.996018362
66.09123136789242,1,11,16,0,4.002948015703234,1,638.4917900287384,1552867.8791564605
49.443657260058146,4,1,3,1,4.489256393551061,0,217.4658476319453,1536134.410275077
68.83567789393683,2,43,25,0,2.24531380799371,0,197.04172152983872,1428193.2737101603
57.961299909640125,3,19,22,0,7.643514434831593,0,319.87511060563327,1548047.8083388251
127.17854087681411,3,9,9,0,8.71267973298615,1,1049.4440853876472,3116118.437054036
107.04099392373627,3,27,29,0,9.448431718366315,0,100.0,2400474.069417917
84.80068396708457,3,34,15,0,5.431260731676632,0,816.949370266496,1829524.926269461
121.99860347225064,3,44,5,1,7.307791292128858,0,230.21489267319146,2795136.246709416
86.93420769119045,1,4,23,0,8.699960110922852,0,964.1987869047755,1834667.4927410348
63.46789496679341,2,36,13,0,4.764619999841374,1,810.2570357075341,1529961.5969131163
123.07810193174143,1,18,14,1,3.784715153833999,1,214.43947826876843,2724286.316445195
98.47275109211647,3,15,20,1,9.430521002681411,1,591.8833895322666,2706583.598329792
59.06884614183859,2,13,15,1,5.641088959693658,1,100.0,1689221.1369430765
80.2415330479098,3,19,16,1,5.475284979317902,0,1133.0376416828428,2054553.087243144
63.10954366538107,1,49,23,1,2.605744869071462,0,259.16944259040895,1337267.367172622
50.4300067258916,1,6,13,1,1.9733951311602107,1,304.0590308822181,1325331.8885582918
108.15443868829104,3,48,17,1,8.578961762351604,0,611.6781464993652,2480731.1117984247
132.73541601175327,1,12,23,1,6.527198585687662,0,859.7386694182127,2900022.564461822
50.03581065452147,1,37,8,0,3.9324212561750382,1,134.818103698017,1481458.1226073187
99.07423091726427,1,17,21,0,2.725625956512398,0,541.3942831821305,2153142.4629563373
68.73393577195432,4,23,2,0,5.999475521526683,1,248.7885898667804,1726068.3546938733
72.8218654058826,3,26,5,1,6.2552736033502185,0,229.989362668949,2060426.6158809974
70.19015189402828,2,29,6,1,2.8629424112055233,0,585.6331440036028,1536480.653836432
63.4002307580046,2,33,12,1,8.662651731023265,0,244.8446833981363,1648102.4734405128
86.21304069862067,2,27,18,1,1.7583792954026598,0,212.40692184016154,1983723.7915848766
64.22624708972405,3,25,22,1,4.204837766497795,1,903.6043221482342,1565802.5956392002
91.76142064449597,3,10,22,0,7.123459723862699,0,100.0,2106199.5244408906
83.74404726377158,1,47,1,0,3.467083274372806,0,563.3402035382202,1842443.1218929202
79.02629882833976,1,23,17,1,8.449076753031447,0,142.99201998971287,1886655.572424305
62.31090844896005,1,21,11,1,7.658810439403632,0,100.0,1651849.4938373973
70.58071673579168,3,21,10,1,8.101205600933207,0,100.0,1784303.6586791954
103.8847806456439,3,43,19,1,2.0719588228904464,1,466.54239519197716,2391017.5691470676
97.52292969060952,2,13,14,0,2.264924151959886,0,617.4345957519383,2259583.3130635982
60.56111888003622,1,37,26,1,3.5782636397012526,1,100.0,1555321.5110215642
87.48330763573065,1,33,10,1,5.66269448677805,1,100.0,2074062.2106248548
103.78467808429473,4,24,15,1,7.732144690294621,0,1164.1674707007855,2439038.206900433
43.26486797196571,2,44,28,1,8.52877801684813,0,100.0,1135973.1607034379
98.58400480949838,3,11,19,0,7.3390178436146245,1,1123.018070330605,2579546.2731655035
68.43440602635383,3,17,4,0,9.357371933775745,0,129.4928331199174,1826369.2527418425
99.26496671482899,2,4,2,1,7.6486915865433724,0,673.5710562286108,2256420.9975609495
65.91852108643708,2,47,9,1,3.7564109830415324,0,185.33858018464497,1484073.835303365
40.0,1,25,10,1,3.3857315590471533,1,978.6191248272029,1090317.91709427
44.31143905292093,3,30,28,0,7.265732052709809,1,602.7450865144866,1361755.1178662528
86.20212366653455,3,9,11,1,2.7358351182065284,1,256.9263157688523,2104621.888647373
91.49306254303704,3,21,14,0,1.834433297292429,0,100.0,2093674.8109444561
62.39208437238979,2,20,7,0,5.790005873705745,0,659.6921718596536,1455214.0924931727
100.96481146943435,1,19,23,1,8.394774128010598,0,479.70971839953046,2394888.9106195555
43.461998443276,4,19,15,1,1.9124185822287718,0,100.0,1084143.5039209516
83.34800503381709,3,12,22,0,8.127021914161563,0,100.0,1971339.4443341324
54.72459500593858,2,37,19,0,8.304148039163934,1,827.199263977952,1750823.4669408207
68.70409730494602,4,42,22,1,5.340466000733892,1,150.1471289090898,2037300.9787854238
86.18496678291035,3,17,15,0,1.5157927900943813,0,505.4843489099821,1866095.3160945475
63.489665867901195,2,37,28,1,2.571308661224678,0,302.76454528041734,1591177.68136185
75.38611139425437,3,48,24,1,7.366836476457391,0,995.4590408119268,1940091.8927888137
110.15732023036101,3,39,8,0,7.406001504918545,0,1244.2231320338985,2378920.8842091844
70.57770326192129,3,28,11,0,9.085197476508988,1,2873.508795277577,1781146.4934879304
105.89230280162855,1,41,29,1,6.244175318991245,1,100.0,2556038.97813744
56.757328633559545,2,35,9,1,2.1169663094239963,0,993.7559765491687,1288786.5062342095
98.24510444788207,4,47,15,1,2.092734149544749,0,154.6376872002219,2138390.898066107
121.03921551644751,2,48,1,1,7.4901912162114135,0,446.795020306009,2745676.8007840463
40.0,2,18,1,1,2.6540619859711105,0,352.38000851292685,855325.9668495802
65.07761861323809,2,14,19,1,3.955469496549448,0,100.0,1586716.609946491
99.4268031795135,2,35,3,1,5.384908062297225,0,1349.8273702025383,2077194.3926988605
79.92386534892518,3,44,10,1,1.2228838981853607,0,100.0,1620564.6895715578
94.27864683428272,4,41,8,1,3.2393712431793866,1,582.727001111487,2215423.054993566
69.90037033210449,2,7,15,1,4.671006476565521,0,768.574523838743,1733094.8380966792
87.1647446868225,1,41,10,1,3.516726866438856,0,793.075214135241,1782411.4945584477
81.108069115198,1,13,1,1,2.2273329472080925,0,100.0,1657170.5099251647
114.19455154149519,3,18,29,0,7.552110320165776,0,296.7142304299261,2677244.976093973
91.36052108253033,3,37,18,1,8.318328896511865,0,884.3014435247352,2345348.9641195713
93.44006655188005,2,13,2,0,3.3173107852935235,0,180.25486537103512,2091600.600709187
74.70307584693832,3,36,19,0,7.96977545145673,0,315.31974324195556,1968028.2580769937
72.80984439818766,3,31,13,0,4.469982079611825,0,159.27266888829217,1798028.736334601
74.18604530450948,3,2,22,1,5.560172117686025,1,311.39228049615184,1991555.4027598535
94.86130355945743,4,16,1,1,8.704009674038375,0,1093.9051670246338,2432684.240006218
74.47538797949343,2,9,2,0,7.749583136221671,1,303.5987285759215,1931760.1997494844
92.24437142241032,3,9,29,1,8.246051661845598,0,405.8662882192195,2422361.630658996
136.88501996613599,2,38,16,1,2.2316064992772113,0,258.7374097964403,2872292.69037875
106.7781175857923,3,11,15,0,1.6274748325035653,0,308.20158445254776,2231352.9140809756
76.84941169580397,3,22,13,1,9.040642561791884,0,100.0,2120548.1050048615
115.03034805409862,3,33,16,1,4.490508426139849,1,166.8598710783597,2760764.5715169376
74.79811567446122,3,36,17,1,3.5909171026271274,1,286.8664906466778,1820599.5296241813
40.0,1,45,21,1,7.522266288356421,1,502.2836944866671,1131749.684753577
59.7978422270649,2,23,29,1,8.527740369218709,1,298.9657122011438,1668817.6769299882
40.0,4,45,29,0,8.76240659708471,0,206.1066958116425,1052575.320725337
76.21216289896728,4,45,7,0,3.8439742701270463,0,245.59217087347744,1658899.1084413321
85.46045947973879,1,34,24,0,8.669911520815067,0,138.72947303601907,1975834.067131628
126.91093280688207,1,9,26,1,1.3684054993691084,1,1291.773450373579,2838841.419129861
93.17318434410407,1,24,17,0,1.4469534231374699,1,368.8037530924044,2000674.5208761415
79.52248677977839,3,8,7,0,6.61167275656739,0,100.0,2069350.665172312
105.73513952958723,3,7,13,1,1.5679573220399161,1,100.0,2330678.1628649784
40.0,2,36,5,1,3.9214825165914537,0,1805.2492469190643,989153.0820749335
90.89036395271415,2,18,26,1,7.054803876222316,0,125.16160430496859,2164672.237773094
104.27162984717417,3,3,17,0,4.0354020644880375,0,818.9400128992692,2251097.7356404914
48.03534385550396,3,28,3,0,2.616398032960863,0,100.0,1142644.2526776767
113.59385108017322,2,6,7,1,3.5321555966845746,1,1270.1847546530214,2649463.173174826
93.46241018736035,2,44,26,0,5.118177990253886,0,1037.3942068122212,2120753.005939969
74.61780215247997,2,44,17,0,5.278472698199342,0,423.2577727445925,1714051.5927818343
100.81954665265712,2,21,7,1,8.047002082124818,0,100.0,2570414.0691542854
141.7673214451099,2,28,21,1,7.751379064883613,0,149.0755907659339,3133574.4959819885
89.54665637646238,3,40,1,1,5.111360241005217,0,261.13092389963526,2189706.7652561627
91.2055146575084,3,1,17,1,8.611006141888943,0,308.15244059552424,2203691.951793384
73.5159775114939,3,36,17,1,2.0281342473225625,0,176.6821853709155,1655566.2840145787
63.753890763380205,3,21,11,0,3.2981801520601133,0,100.0,1423498.5145659803
105.75839541360614,1,43,25,1,8.451788171520263,0,445.9544568688373,2446047.0055712946
63.59790435227832,2,35,27,0,4.401946347635378,1,371.33120484222036,1626417.4332021386
86.78915593048481,1,13,29,0,9.83063402914458,0,166.34016230796635,1977313.3769150772
73.05856383087209,2,49,3,1,5.196279533750519,0,100.0,1716878.880028399
96.9744956436598,3,10,15,0,8.127420606673876,0,2610.140231988486,2228060.8181492533
93.3415526321737,4,44,29,1,4.620763372441347,0,328.8766853599526,2094196.6841143456
110.93849860644748,1,47,21,0,4.824581671561873,0,705.3022190800162,2278223.241679973
72.24959002863133,2,10,11,1,4.4459483255576515,1,301.0266064784342,1735665.3020735355
78.25312661766571,3,46,26,1,7.471680584597306,1,100.0,2148343.584890111
60.53090710544232,2,13,28,0,5.92766095653995,1,185.2426092109656,1618181.0375766538
73.89266849809721,2,37,16,0,9.494003002315322,0,192.91223299918917,1760440.653191616
94.4325123261213,3,38,25,1,3.258012848806943,0,911.1698700069619,2100450.571877844
103.9247154161338,3,24,22,1,1.9050645887509992,1,530.9907006099261,2619711.4406421855
61.94586689555936,1,2,28,1,4.5393533658929375,0,161.0883852706125,1675763.940065545
106.7401480026415,2,22,9,1,6.550414368820984,0,1716.9629004010287,2555052.2424493576
118.89094647012377,3,17,24,1,8.747190432239456,1,193.96622792103227,2980851.153385354
95.33587258059252,2,36,24,1,4.115771980122949,0,3000.0,1954628.1197665452
131.91989531395166,1,14,1,1,6.884080760120154,0,2781.622569131376,2876689.9334116187
65.65527002241068,3,10,29,1,4.151788129208971,0,106.10830774917008,1695976.9202422176
53.88363241721457,1,35,25,1,6.554976246950123,0,187.5221127059817,1401832.5238880033
40.53199377739303,3,25,22,1,8.963271523275857,0,332.8090032470082,1281000.1152912206
122.40110778722958,2,3,16,1,3.0822187803346814,0,545.4718902122538,2613929.8537314287
101.35914140885144,4,47,9,1,4.638174778963353,0,375.4384130001184,2253277.756251905
83.61038322723863,2,38,19,1,9.939386767867719,0,1744.055694769449,1957894.500560523
91.9992156579955,2,17,12,0,8.817013254245147,0,643.6575770100153,2206526.8642876465
56.862773817540585,1,12,19,0,6.0817587210658175,1,119.15705310231583,1556684.8422447366
146.14379949042066,2,24,22,1,5.649648326688478,0,100.0,3289828.628417155
88.23052954938069,3,29,9,1,3.561403440742129,0,583.0195535967995,2041895.8886051772
87.73486986512232,4,43,7,1,5.654884849241765,0,100.0,1874423.991802835
103.14416559746729,2,25,14,0,8.633633484519525,1,774.8229134475758,2322809.8903884995
97.02523079341783,2,36,29,1,7.166570619500025,0,186.28361373464,2238757.299044701
90.59710060697829,3,26,19,1,3.610396253601879,0,197.92568159209506,2097103.1781624192
65.2381386138672,3,38,19,0,2.8131752894817965,0,100.0,1567524.5896770959
96.78670892839989,2,1,2,1,3.386876832971462,1,603.6746944467833,2362046.5044677095
132.05061241187585,2,20,9,1,2.5278328125354386,0,100.0,2746252.2995276153
118.63550115387444,2,28,13,1,1.8607662642134435,0,741.1396546843629,2588926.698687942
124.82966566598492,3,16,15,1,4.772225569978495,0,338.5068360858192,2828264.7744109128
72.21960808922037,1,47,3,1,2.0196964395844095,0,766.8865753548506,1441439.8449114393
60.25987949353548,3,17,11,1,2.547213019543939,1,438.4467229219069,1451385.1052015787
81.8553269975088,2,40,21,1,5.925922159055375,1,100.0,2052402.9055329605
86.39312280721737,3,28,14,1,2.4813934632961727,0,725.4747628344106,1970676.5558844903
112.35478796177371,1,12,25,1,1.5749179068781256,1,100.0,2461728.666031213
42.68838425712951,2,27,8,1,3.8564996502509667,0,325.7164438746807,1144384.1245932532
123.23875798651534,2,42,18,0,2.9828718875977076,0,100.0,2609740.996223336
81.04980253552526,3,47,19,1,5.637746691949391,0,697.8394855269864,1889062.9199977447
74.3279732513145,1,30,16,0,1.921303761248884,0,1212.8920406497175,1497113.0228449665
59.69739061849582,2,41,2,1,7.765937089146803,1,403.8596222321877,1722452.5072661014
43.62858320335577,2,34,8,1,9.156101674916247,0,374.48567171232406,1262518.0377584593
105.57926459904786,2,37,22,0,7.690916565605749,0,721.8837691711557,2268649.5686708707
86.8329491797101,3,6,6,1,5.795443336612548,0,100.0,2106757.4553325637
52.75097750647365,3,7,12,0,8.746010396099965,0,1249.048486244415,1489103.8324811915
52.6230306984096,3,32,15,1,7.254265418033567,0,109.97982334304415,1213656.8876091319
76.60538251774679,2,32,25,1,1.0949601020517088,0,2071.312268806455,1539377.603161395
126.72553813223482,3,25,8,1,4.5468113749705275,1,666.3842814371819,3038801.1848989665
78.51021621590988,2,33,4,0,8.658567094661201,0,744.1660853216762,1940965.7758732114
47.42142617204735,1,7,15,0,4.1127297217774235,0,533.8519274938973,1207238.250571193
78.85642339785139,1,12,28,1,1.3169365617297115,1,319.01064363155916,1971585.683161066
78.18191075630824,2,16,20,1,7.715616746970451,1,423.88129309911847,2101603.47794044
40.0,3,16,25,1,8.218344432545816,0,100.0,1148659.9920076055
83.64262833705469,3,43,17,1,2.445343255389777,1,489.02922685466575,1984769.9414083704
79.22663674478305,3,36,13,1,5.836064471588631,0,491.8809103768602,1685450.1457738641
102.40515912033545,2,13,18,1,2.7275989509615317,0,1109.1256368239506,2396814.2468201513
131.22390237363362,2,7,2,1,7.473109771397321,0,352.26218545108304,2920914.8166581397
113.16412573869394,1,36,13,0,3.4439540965973707,1,100.0,2416266.5616694796
78.27778273612924,2,47,13,0,3.8459361030699704,0,182.78283225068324,1755139.9864337281
57.33685228145824,2,9,22,1,8.604737682760913,0,533.0184555521166,1407756.1112899955
149.3339950812465,1,32,15,0,5.286901169862139,0,136.731070145637,2992612.052915338
86.4804608503622,2,11,20,1,7.0277900609642305,1,164.61871086059355,2280947.679001473
85.34823229782366,2,8,29,1,4.621357456502209,0,858.7037375731446,2065469.3364068244
84.39687282224992,3,33,27,0,3.682061714743799,0,438.91945010127375,1860450.839367871
89.95211901919637,4,23,10,0,6.629302543821952,0,355.1745766548505,2127909.653871898
81.39098970190143,4,25,29,1,2.3937181667093914,1,191.6942743765184,2206635.2489412245
70.65844982799409,3,8,3,1,4.356998520101767,1,656.3882053730287,1953383.0325615394
71.32852646899019,2,45,19,1,2.8813333364733005,0,169.64099428290848,1623734.7030410992
84.18116824460004,3,22,3,1,7.2621547024667095,0,667.92139396406,2132694.227366095
71.41438072165587,3,4,22,1,9.497879545114968,1,100.0,2071164.9733177044
67.1788554330709,1,40,14,1,9.959598712142798,0,999.5443945714352,1863690.748548575
87.66075569229741,2,3,8,1,5.052491293974317,1,346.1402415013339,1996113.8960019029
78.62556956447862,3,29,27,1,3.2727735067280004,1,288.57889109834576,2130715.121081324
122.5998247145672,2,41,23,1,4.985464333458918,0,472.1180605436087,2762328.8149585505
40.0,2,29,4,0,8.625424689664515,0,489.3385491411894,1090804.794862197
112.28767129806154,2,34,27,1,2.8540511069683587,0,100.0,2442377.854930493
116.15212981244073,1,34,28,1,9.568860864876314,0,705.772423769704,2636437.6440059994
40.0,2,28,20,0,4.076791919183359,0,161.43242775979178,1065419.4678166457
76.43281014799128,2,13,11,0,9.872232935052745,0,1176.7386032480417,1869301.9715464588
75.71397835010521,1,15,26,1,8.54747998780566,0,851.4641988344398,1791886.2087072763
49.812207632054466,1,23,11,1,8.277134807326513,0,212.52740081225787,1402505.9373768077
65.55458281022811,3,44,27,1,3.8611420639595524,0,824.4514900416126,1693913.5117285023
57.235603863354285,2,26,11,0,1.0789949075313652,0,220.33155108206884,1012958.3811635099
128.80676108559055,2,4,2,0,4.439196179433891,1,100.0,3183020.29017186
108.39195982868652,2,26,17,1,3.716284326964243,0,1633.6161748113147,2261982.2731334674
116.78887737485397,4,40,9,1,1.3365729136791757,1,528.6421130211946,2588272.0649954956
103.04180160108088,2,9,28,1,5.548287308553367,0,304.4945011440477,2277705.7893060762
56.77370571956927,2,5,28,1,4.62728180154463,0,253.5607060277337,1462306.259563632
71.88699334300566,3,32,2,1,6.7110082096737225,1,196.30307076333293,1793172.2232381948
97.23436403069795,3,20,29,1,6.590676899746748,0,1993.577935933722,2185710.0225025984
54.44680477770137,1,11,24,1,2.086719723070121,0,100.0,1201682.682487769
102.8249607543097,3,15,15,1,9.792689915139603,0,189.02594784463525,2560344.9611029234
78.99186504604663,2,32,16,1,2.682382864973022,0,332.2775686451484,1777148.5953939713
75.62947981126007,2,28,25,1,5.007466222882341,0,325.04340977820675,1901432.442657116
102.77399920508728,1,22,4,1,5.393057890903615,0,318.72993718607,2400711.999404624
96.106582787151,1,41,8,1,8.317565174927081,0,100.0,2287119.742400593
75.975845854523,3,17,9,0,1.893066364851821,0,100.0,1656147.190929442
113.9832450841062,2,26,26,1,4.857798512876785,0,147.0295722969318,2366340.0878228303
57.97341681000257,2,44,26,0,6.656519532125835,0,1229.7724211278803,1142237.0339108696
100.3983901736066,3,7,5,1,2.9364005946165,0,100.0,2409832.808921608
99.8275314492096,3,42,16,1,6.647211088894655,0,708.2223821104088,2386177.9611795605
77.26133901715025,1,26,13,1,9.312983537946874,1,708.4765739160398,1963776.3087586858
93.15332555605295,3,25,7,0,9.977663180554075,0,829.7617679046052,2083727.5460498452
53.72216059036742,1,10,26,1,1.2920596911160813,0,1088.485242112544,1112720.195381671
108.10067548017253,3,45,20,1,3.1202940542020974,0,152.60823778370894,2385039.5966937924
80.37744658892527,3,19,17,1,3.792764042125277,1,127.16199218613433,2076444.713184035
71.93192448702402,4,11,3,1,4.592134904004695,0,313.2170750606859,1924391.3226721075
111.22523064592224,1,13,5,1,3.1803144182629066,1,154.00305257945448,2517798.538693994
67.39140773643102,1,8,19,1,2.831391950997813,0,662.7125109457456,1520112.0601894755
49.78846759091101,2,40,12,0,9.5909845817575,0,505.2177135792196,1377926.6655960048
46.08427066190241,2,4,29,0,9.266694424934661,1,1039.6715254757094,1233383.3253378104
100.15024878364099,2,47,27,1,1.4229325090280573,0,100.0,2141438.245635364
52.989266187592925,4,31,7,1,4.049317194443633,0,1233.042447919387,1317181.112763586
128.8698545496091,2,28,28,0,4.64633698310566,1,173.6089208663236,2978590.9999634
40.0,2,11,9,0,3.1511308119934904,1,337.35347174897834,1165047.5152109594
127.41140920725095,3,43,28,0,6.65985607289358,0,288.67099282831975,2721619.4820362935
90.27543668006545,2,1,6,1,6.7634267197981695,0,714.2078728751875,2126393.892089852
82.58217220324019,3,49,29,1,8.654538054957374,1,272.65100603140024,1937629.0230381289
71.37702282977625,1,47,26,1,7.667823415466961,0,1437.2278572318298,1718829.7517410794
94.97840285880177,2,38,17,1,5.8831599426936005,1,1164.1252378086012,2309757.7327071344
84.05913243937879,1,24,16,1,6.882280930399779,0,1028.4924040151618,2080932.464164437
112.58254705041304,1,47,23,0,3.4658990338871627,0,100.0,2245687.908408821
87.855691216551,4,31,3,0,6.337505709706219,1,962.9588830572199,2279413.3777258643
88.75754403654695,1,41,21,0,5.403045292749273,0,760.7946721341009,1763033.7415143212
75.90969469465361,2,46,26,1,2.200100205847334,0,100.0,1379717.9202825958
83.57635940697331,2,26,4,1,3.1828984892467367,0,100.0,1861562.7487800913
92.69504422230148,2,49,10,0,3.625241056494274,0,100.0,1866989.9406355552
42.24579018358436,3,5,5,1,9.318786103473021,0,100.0,1237397.2441974059
51.29536444735717,1,20,21,1,3.073479754473005,1,397.73870740812487,1440967.4467818327
103.58160235056788,3,41,22,1,3.6031951253770136,0,1813.3147392759345,2393286.273341505
89.27163595319854,4,11,10,0,4.3241871708048905,0,288.7362522104138,2096925.737080495
80.40041659118302,2,33,12,1,6.973684647628483,1,389.08844505219247,2034185.1953896543
85.46084832663483,4,38,10,1,2.0641455322492646,0,1720.5379851953692,1919001.4101865194
93.68954263404177,1,27,29,0,9.585506912443984,0,147.30784645206842,2091117.278734981
71.50600799226596,2,34,13,1,8.79014098085288,0,977.6226775031604,1821531.5305636828
65.54238186494219,2,15,11,0,6.194944657080551,1,395.259255471141,1550853.5932856938
89.89613137744203,3,32,22,1,7.066340806824611,0,421.37670148701625,2050177.5048808192
60.5406805596242,4,21,16,1,1.149944241197944,0,210.16795917923255,1394982.4641141575
95.2063188928618,2,46,8,1,4.050502978136038,0,412.2939355038268,2121531.1315893936
42.43540989405399,3,5,8,1,8.160942075952978,0,100.0,1284287.4744553447
110.72889093314109,1,6,27,1,1.697346764131473,0,723.3271008019867,2526070.719041033
96.81493706032607,2,38,25,1,3.540824507896482,0,167.51806723584806,2210504.09073655
91.40074335784689,2,22,8,1,6.267671455008801,0,1092.8827250433112,2036078.0387501013
109.56727459863785,4,18,13,1,3.3077172492904765,1,229.31483501323837,2738337.2917910684
126.63686111156441,3,14,27,1,9.405801767300673,0,100.0,2987090.5724351066
110.35925162545325,2,10,2,1,2.1795276772386134,0,595.1690477177638,2459985.531374265
40.0,1,46,12,1,8.176549221170006,0,100.0,1132473.6929943976
53.01057583160746,1,13,10,1,5.571538227157674,0,700.5629341743595,1425817.8649446638
69.37953555760802,2,31,12,1,7.752976982379604,0,1722.7664645890286,1704926.8483155596
85.65227625527085,2,30,11,1,3.796437954803027,0,756.0486903115453,2072830.0585912988
97.94147551172807,3,3,15,1,5.630406420808349,0,100.0,2405873.1384649393
66.85640467116336,2,30,16,1,8.711518147508587,1,458.0026213809934,1858818.801366668
89.66916911192696,2,6,17,1,5.20190289210794,0,594.395435932641,2086301.1215171309
66.11542669116693,1,29,26,1,4.237478757192426,0,872.7958726005534,1437846.0770682637
69.7120549252013,3,8,2,1,5.825398476274625,0,100.0,1816991.4253984352
49.83347257879444,3,44,18,1,7.456264777327302,0,327.06692517786297,1339891.8200901488
61.9191688472274,1,45,12,1,4.992070109486525,0,383.2578835969166,1413562.8826206443
51.20788485959166,3,43,19,1,9.449892776280457,0,100.0,1473729.0632358762
60.60316867556668,2,44,26,1,3.6545124163810785,0,194.63582368214531,1417466.1773434277
111.341044915196,1,33,23,1,5.279172455522084,1,290.10725670046537,2784723.4675283586
61.265027779201425,2,17,18,1,7.812348934072973,0,895.5089360130285,1535964.3564681434
150.80955162093477,2,48,17,0,7.202089814461824,0,1325.4161541795488,3221974.73818093
97.33294752202224,1,11,6,0,8.772769471754405,0,494.9993540230282,2200172.725927742
89.62090309237185,4,13,25,0,9.97128262612998,0,251.21811171897812,2026384.9670394328
63.541055495469664,3,11,15,1,4.8417249591558065,0,146.53562923090766,1605794.863812605
102.50774698522478,3,31,3,0,2.0003579180498066,1,2012.461055720986,2186266.750539716
70.60905434405565,2,28,6,0,1.2737429272717118,0,2037.8594924051372,1424953.9389671204
88.05024536613404,2,44,3,1,7.541892155257945,1,1294.9799279020342,2159721.821289208
149.00211345671988,3,6,29,1,8.86612304177844,1,770.1172146119223,3660159.4048894458
82.59850250688375,2,41,1,1,2.986413273499768,0,197.09906756005077,1742602.52945985
113.73183315714189,1,16,13,1,2.426032334709154,0,849.1358841038809,2384925.623928341
67.42058937185281,2,4,28,0,1.559845823731219,0,262.7945491534442,1576020.6364469188
84.12528773757596,3,35,21,1,8.404326295454858,0,197.83642815786573,1995772.9621038956
129.27001589088775,2,48,26,1,3.802437459033259,1,682.9819335776242,2713968.503846271
69.32582355530582,1,26,14,1,4.6152720348379885,0,100.0,1604677.7678439042
130.31121394992323,3,12,13,1,5.524751724486511,1,100.0,3234051.705489884
102.69379838638689,2,11,27,1,8.555079107885957,0,297.0616771523956,2547505.1549859573
70.9383306026433,2,37,4,1,6.857498994053365,1,294.9694103043066,1859140.6132214111
100.81019347638802,1,25,7,1,6.535581668720302,1,1129.974307528872,2526736.3677736702
109.31386124066825,2,18,22,0,2.5810488996031964,0,100.0,2437910.4157179524
100.5452490554299,3,19,10,0,5.618709025388468,0,100.0,2247374.799097346
45.74438200273859,2,23,7,0,7.438429154607897,0,100.0,1198792.6875267157
66.82157060437828,2,38,21,0,9.759347947274426,1,100.0,1813257.8727694424
78.81203411121238,3,18,15,1,2.81265678292017,1,100.0,1990945.3228375958
83.13916427249885,3,26,15,0,1.0858901776050398,1,539.2134949897471,2035000.477965721
100.51680243876694,3,6,4,1,1.6777129023862276,0,282.4511564865008,2255804.3693775185
89.44252502333134,2,4,23,0,4.382672186637813,0,721.1214838399663,1966880.347288462
51.61639103224747,2,44,23,0,8.384901829713884,1,2452.98351325549,1116661.0795337406
94.50494627514908,4,29,6,1,1.0642787359142054,0,537.9872554867381,2030437.154233302
100.26464363209558,3,34,24,0,5.1105753359725625,1,100.0,2247068.3418407454
98.994761198276,1,17,20,1,3.963075538072551,0,100.0,2191747.874981053
112.01951813886555,1,43,26,1,1.4723353908975483,0,1064.3330563168897,2164904.8383316244
105.8480538637226,2,43,5,0,5.052126580053556,0,374.85447456984735,2297896.259351552
96.47950198071092,4,16,20,0,3.2927383660304694,0,871.0196099916227,2293795.559216704
83.24585721353382,2,2,12,1,4.166963509123058,0,971.101690595124,1953388.3398736538
43.475976662100216,2,34,1,0,7.350537743058637,0,1313.2895443466787,964368.1030204557
95.74045547831464,1,8,28,0,5.693958855198704,0,1496.1611020912715,2138344.690798582
90.19219217907778,3,13,8,0,2.12182686093532,0,404.64480244390757,2167753.25916954
91.78947092988433,3,42,1,0,9.652730863812751,0,208.53117767591553,2304448.783891007
53.081285604492265,2,8,5,1,6.723196891387645,1,1633.3097442227029,1401047.554623278
57.97358648979344,3,30,22,1,7.892815830962784,1,396.38034983187174,1556010.475381291
111.3288213333226,4,32,6,1,1.7129183500753373,1,100.0,2446010.3331887173
84.01112115358363,2,36,29,0,1.42352541514017,1,514.6968914030653,1769936.3023227844
102.03751743431562,2,47,21,0,1.1750324533127305,0,442.9835266404865,2072300.8986297476
85.70795940326153,2,30,3,1,2.699146249961,0,1130.6873768392852,1809850.4005102825
85.74390348739362,3,1,15,1,4.7296755794664564,0,529.4850473066523,2004311.6325972723
108.45709514939995,2,43,5,1,9.422435200625406,1,214.66308457150953,2757432.674066976
72.09888179456566,3,39,28,1,5.113536933391987,0,1694.0279409227408,1755512.4969833808
87.40301942352458,3,17,24,1,3.612295948352765,0,808.784152295043,1872783.3211597926
73.44311778237395,2,20,14,1,6.05741728167697,1,497.6908045657605,2022803.5254274365
74.13759431419211,4,24,18,1,2.007411203213103,0,173.30941217175817,1816111.5063830041
77.27069691328401,2,22,16,1,6.485553019044849,0,233.8354132250623,1918130.1463755618
90.55334429084282,1,29,6,1,6.115887588974529,0,554.2857447867432,1975410.3961973006
73.03128445841307,3,22,25,0,8.127937300651388,0,100.0,1792733.390208314
116.39390313933802,3,44,24,1,9.880188504553217,0,148.3147182666698,2546045.2707383116
62.63481744451241,2,9,14,1,3.2578612454449947,0,625.7085707075671,1591616.6820929092
80.32820889596603,3,37,27,1,5.586908057233845,0,326.98103194762587,1813739.0978672518
74.00672354314563,4,10,24,1,9.179788656871033,0,257.4114384193469,1937316.998691262
121.17444710884332,2,36,8,1,8.066708959805572,1,100.0,2805076.081535062
89.91386941278937,4,37,29,0,5.386656727907268,1,291.5629028306323,2402085.943726775
110.79611348671587,1,28,7,1,9.508344846533001,0,736.3445367109224,2472575.3179198606
47.8609906740757,2,28,8,1,1.5151302416512844,1,153.27130715380525,1347834.3219423485
91.67625664673147,1,42,13,1,9.378987577413255,0,100.0,2127495.549768749
107.24076989058592,3,43,6,1,1.454566531445259,0,552.0711271173473,2201499.999869181
87.0570997318856,3,21,18,1,5.925742697032159,0,1799.0918509856917,1966892.433200993
111.63700937663378,1,24,2,1,9.013968532009772,0,466.7522252196536,2490938.5902401768
72.0677887474907,2,42,8,1,3.3644884920517253,0,100.0,1594844.2890337782
120.2336860046395,3,40,11,1,5.250236490506427,0,193.37056966621634,2739487.1140534757
142.47245309048125,1,2,1,1,3.9189599122326997,0,1011.120997730428,3024696.2712729555
75.92903598900853,3,8,22,1,9.569295253687162,1,132.35274977730947,2130171.3482172075
73.8624369649807,3,48,29,0,8.412810352777818,0,467.85899177573964,1667160.3555572263
121.33461192794252,2,27,6,1,7.381013601937416,0,257.6437886240329,2628565.55669847
124.48930364326782,4,22,16,0,6.288642879535979,0,116.49829259659441,2698346.2914242772
71.92849932116829,2,37,27,1,8.385326103917333,0,839.4124671280086,1868144.4119922856
74.49532957260357,4,27,20,1,4.530403373711923,0,679.0114488449333,1778354.555224443
77.95538477848731,3,29,12,1,5.027966695954557,0,541.7501253844853,1810084.1039851166
51.38873722414307,3,3,11,1,7.570015489727753,0,134.81407503554044,1417517.6693758979
62.033701337895046,1,44,29,0,4.219792869643428,1,100.0,1430582.1838544412
59.8964808311983,3,13,27,0,1.5751084784353644,0,429.1988361319068,1411706.311686732
65.8050608723968,2,45,29,1,1.6690114799746432,1,403.35712070223514,1533416.3373161682
84.13287781533047,1,10,10,1,2.0382652117513347,0,104.36460034601365,1869792.2093952862
90.85536831341302,1,36,3,1,8.827131910092966,0,100.0,2246742.1725208135
123.76251232035193,2,9,13,0,5.250037831805839,0,100.0,2634784.979742493
60.04114898153023,2,27,27,0,7.415941324102628,0,2464.826349624494,1376057.865362173
109.60805996191459,3,34,3,0,4.53618402044404,0,765.276155612482,2428047.223680544
79.65027889436227,3,1,15,0,3.3283985267407106,0,1275.442950316292,1979078.2914013336
83.76340725868917,1,32,16,1,4.124729508059907,1,108.49049090377436,1872609.192809885
101.8704873041651,3,25,29,1,8.147641107854653,1,1616.5956054474027,2413426.66472521
56.93194946094253,1,29,13,1,6.626945125282944,0,100.0,1391386.7078901099
94.56024365460127,3,7,17,1,9.438758019621119,0,355.73891101731004,2382865.1457631323
89.1613052053264,3,49,3,0,7.117343007191506,0,885.0841752860596,2055061.6404331618
97.31128160020373,2,3,20,1,6.131634685792245,0,215.24021516262002,2371625.902936691
92.22921609769546,3,20,11,0,6.49176408087251,1,276.54353973395354,2281410.050997978
146.38250349777235,2,20,27,0,9.481342955215732,1,100.0,3532011.8439485976
69.0565003937171,2,30,21,1,8.093808368800355,1,100.0,1814842.4934530866
71.72507612495455,3,35,19,0,1.2163711362979404,0,483.2242103616745,1546486.2515884712
69.42148683938089,2,35,22,0,5.807257265221275,0,562.7847485138134,1446821.036892548
71.11307202099363,2,49,11,1,7.195045703919083,0,751.0378574243912,1662879.2267714252
69.06532181733706,2,39,28,1,7.738286305952395,1,406.7340261669392,1700207.1811479712
114.7254132776888,3,27,16,1,2.9182790738254303,0,518.8893157782633,2425094.496755344
120.51260619974637,2,26,21,0,8.80459619006217,0,100.0,2886335.1934457845
70.7313426562631,1,14,3,0,9.602588324576473,0,100.0,1529250.7460769988
64.19111067239427,3,17,22,1,3.130437752603828,1,2097.0194477569607,1665129.7875293852
96.7853889096601,3,18,6,0,8.943539117655213,0,100.0,2386735.4639953254
71.19442389297572,1,45,14,1,1.8728088626448585,0,567.8273148248965,1699851.755611305
100.82329544388777,2,29,24,0,1.5013615250372068,1,100.0,2264214.2588054766
90.07307552128249,1,20,18,1,2.1630142009247444,1,630.6572394214459,2115160.8042712323
47.1063971250692,2,27,17,0,1.519669715203324,0,612.0714345949046,1015445.1434403607
123.68763003325154,2,18,4,1,8.605110134401983,0,133.41650609422163,2964961.015043622
129.89694182738805,3,4,23,1,1.5314513001244476,1,157.105023611142,3074910.631603061
69.68028273789034,3,1,15,1,3.4449777222728994,1,531.7732422217904,1820810.7429022696
75.3074610016004,3,1,11,0,1.9338070918227075,0,247.21868947177362,1828770.2281401267
92.14663476812262,2,26,26,1,3.6587983268238844,0,108.17581541925826,2032314.057274001
93.36141974967562,3,45,3,1,1.8150352084082844,0,657.7867428160628,1846674.1043810397
101.46360681682076,2,20,3,1,7.012029256687127,1,100.0,2351100.559893471
135.25511346915874,4,23,16,1,2.1999413470831763,0,967.7352407628529,2958638.9903379446
80.57631931264876,3,10,5,0,8.666613332549991,0,361.4626131901857,1999599.6905428104
65.04256888653866,1,11,21,0,8.354719456539769,0,100.0,1683055.8887318403
50.51701929963682,3,41,29,1,1.1229551692354849,1,592.2032945305315,1382266.6163573004
66.72674900145202,2,41,10,0,9.061537199636032,0,366.11351297529995,1594043.92027925
84.17182567815507,3,5,19,1,1.2604988506903037,0,176.9519447115688,2052863.4893328142
129.8639465879447,1,1,25,1,3.1568120646180096,0,274.55751488755453,2839765.9340627785
72.05971752409572,1,17,4,1,1.2915022399839555,0,177.1515534756893,1430347.7833339244
90.59469879097246,3,22,29,1,4.022591383353844,0,152.6012213445917,1971674.460695417
84.5894275981812,2,34,29,1,5.624798731419444,1,100.0,2243401.2846667734
114.7098318362021,3,45,19,0,8.169803821136242,0,225.31006107033252,2344261.5709965164
148.17331064684055,2,41,11,0,4.041833954228525,1,144.49960729543216,3199757.1738468413
71.72828067699199,3,29,2,1,7.349410222058051,0,575.1125334435142,2086725.0189082134
72.76401393704444,3,4,10,0,2.6875401140708233,0,575.811540919454,1718313.5957756743
111.1040219267268,2,5,29,0,7.755386110697137,0,348.4172276605696,2540919.3952543517
102.04728724065778,2,11,11,1,3.123969453183138,0,752.4140260319577,2109170.391222693
131.16768314340084,2,21,25,1,2.2919028034939113,0,920.4949800325752,2977437.904185504
99.5982046331491,1,35,20,1,2.668679653366489,1,433.47233425869507,2379737.8226482486
76.0176977303235,2,12,16,0,2.6385681599366984,1,482.39287092994124,1888342.833219812
99.76637076730773,3,26,19,0,5.61576591439292,0,166.26016470207645,2251419.216186219
112.7175895145727,4,19,23,0,8.603178230693315,1,1126.2749982540247,2863122.8619413106
105.5120545299341,3,45,24,1,1.7164456929325507,0,100.0,2263872.355526273
97.68185077768244,3,7,11,1,7.362606866440804,1,214.31758856242328,2442902.7787271915
111.66686723972884,3,47,14,1,6.889118136875719,0,639.7082573851022,2625850.216903628
114.23238976114182,3,7,2,1,8.85267956646426,0,100.0,2754162.3165585436
119.55397477593817,2,26,23,1,3.1973280445621652,1,101.16185278272518,2812170.496265853
101.21774718974106,4,40,28,1,5.050988728165267,0,444.9287539316884,2342873.7065051687
80.82204799207864,3,5,5,1,9.332446369991656,0,410.4830845679484,2154386.627454648
88.66784216083308,2,21,27,1,6.939941051217855,0,671.4800909612594,2110676.199868197
115.16272416270891,1,14,5,1,4.498915715754372,0,837.2886779464559,2505221.1959589263
64.57660822531909,2,4,19,1,2.182711445697416,1,100.0,1695012.4674250563
94.21683272182253,2,23,21,1,3.3623650711053195,0,100.0,2411294.5756159145
75.16652969181598,3,42,12,1,6.23093929740445,1,585.0087976064913,2024799.295404517
85.71862057337044,2,20,18,1,7.463511528044624,0,179.3326014284741,2331296.8969701305
116.96129656518247,2,15,4,1,2.1197969816670414,0,491.7282357889927,2531175.0346370623
89.77747670049759,4,45,22,1,6.396375340396486,1,100.0,2271534.9972853945
86.16091370390372,1,29,17,0,5.953161509548759,0,316.53433901713066,1768062.726746647
51.00359647550202,2,8,10,0,5.625599020216372,1,351.0180309990286,1578142.659158807
103.65633915068051,1,41,20,1,7.211108059138072,0,439.83214283328124,2217144.891216176
101.13710452852689,3,48,6,1,8.537046355751157,0,359.92016318040197,2544611.1537181335
139.08136808263652,4,19,25,0,3.9069071485918156,0,342.2828239614035,2958370.086554227
77.30554412617498,2,48,14,1,9.001109710998636,0,202.28337136749295,1950764.4932893517
90.47875819159847,3,39,11,0,2.4457025135669563,0,100.0,1765845.4908916135
91.23459209276888,2,46,11,0,2.557214827760479,1,100.0,1978212.7165291256
124.43633199408686,4,28,29,1,3.4009485726153152,0,284.3847680797193,2812275.5546432347
82.6176116903262,3,46,18,0,2.0757778259237005,0,219.86768718474858,1680479.1132701912
91.97553814425848,3,27,27,0,3.072873022145898,0,362.974466557362,2003504.8040350033
100.19741274291349,1,4,23,1,1.9577058661256013,0,181.80530526585684,2183588.8141788347
89.66522807890895,4,15,22,1,8.395771752868512,0,582.2319821363874,2371226.429524513
73.83915963623679,3,35,18,1,2.2507209269796213,1,997.3841286513973,1608681.9590624222
89.8522498224577,2,37,24,1,7.725678018038711,1,177.52612260399076,2211972.8417354287
111.8407937464943,3,1,23,1,1.4312248112200037,1,107.20589711413706,2803072.136101299
59.337117514723495,2,3,11,0,9.536682947625236,1,100.0,1779090.8310548863
88.32424185367191,3,47,21,1,7.400440787749895,0,478.88725465545895,2216048.941825527
67.49697962652067,1,24,12,0,1.061168937275006,1,293.36400476427224,1591786.3160306464
114.87616572312106,3,27,5,1,7.874708501801926,0,104.13714758042853,2577330.3158638896
46.92032738040563,2,40,23,1,5.6267372868956675,0,529.412310379895,1245710.1371193423
71.02695381821029,1,36,9,1,8.014286533016078,0,100.0,1699986.9523639642
94.43029687661303,2,34,27,0,5.702471280015296,0,404.05539135743345,2303405.10128487
124.13810073085851,1,29,25,1,6.769223718718192,1,374.48682146500727,2976565.4479988567
83.35624347317531,2,24,9,0,8.076984898555363,0,662.5578662764558,1985519.9998623978
71.12001183267004,2,24,22,0,4.64597249129071,1,100.0,1826721.837726253
132.02892673601474,2,42,10,1,1.024373348384069,0,1094.061256873065,2760313.064201018
48.7996524895939,2,4,22,0,8.649518463506695,0,606.9976412379749,1377518.7636469267
40.0,2,3,19,1,4.428013263621963,1,121.7534918634295,1243775.9911316985
96.00036125133332,3,34,1,0,5.464384534149247,0,101.30622498542122,2184459.9252534355
72.44864439118473,1,49,7,1,1.0698997793857186,0,282.51791229219066,1560266.190986692
59.46917957173217,4,23,4,1,5.428828093150882,0,850.6815700767824,1656267.6097308428
102.70891118248383,3,23,1,1,9.878386614145565,0,925.5955046557202,2587929.5939412806
91.09501784427997,3,45,15,1,3.5044089473689266,0,367.4599093778975,2180489.7917343164
70.89803423158179,2,5,8,1,4.558764432181403,0,985.9607853347406,1820293.6142207757
52.99239003322764,3,31,12,1,7.1847099682180895,1,100.0,1635240.8911211728
106.81143320700362,1,41,22,1,8.333143007712927,1,100.0,2448856.8744050898
101.25502944896652,1,6,22,1,4.756524616054903,1,1214.1965858787667,2313185.563460494
82.52060340551543,2,37,18,1,3.787019833611633,1,746.5656049794288,1961277.910692934
131.16592490119166,3,10,15,1,9.440432199865604,0,299.5607838660204,3120215.616947253
58.24788084184618,1,40,17,1,7.094304700045023,0,700.4200830897263,1530578.5092968058
46.86187072688153,2,7,29,1,2.0711917404382696,0,1557.7024911477242,878248.4283482702
67.70229825296889,4,39,14,1,1.6203509032118375,0,739.4011878682353,1461547.8421240586
83.86034959111255,3,38,14,1,5.351948657113321,1,923.7566130414909,2079868.227828337
91.08348623306729,2,21,18,0,2.980810594425452,0,714.8234887113555,1852111.8098566134
78.96909855359175,1,20,20,0,3.285862780386281,0,100.0,1606147.120646397
93.80138491285742,3,3,18,1,8.899229609450634,0,896.6025858133853,2314156.325235856
53.71151439523889,2,22,16,0,1.806094218846796,0,108.52409542776621,1081660.0461541994
121.09411510183148,1,47,1,1,7.438277037060007,0,1115.650288870834,2535475.1746294657
82.94622054018578,1,4,23,1,3.4402802804252923,0,306.8445354785847,2033319.184876348
112.9323957897032,4,28,27,1,7.84295399263724,0,565.0154920401211,2767068.0597485765
93.56813365944261,3,12,11,0,7.501702460171901,0,343.822023189497,2290931.64100442
96.4188304788446,3,38,15,0,1.0665271129986373,0,100.0,2005960.1472210553
99.2441820058051,3,36,12,1,5.582218716294392,0,171.7540807299649,2384025.6412575105
96.19271400043287,2,47,8,1,2.2538753414024173,1,2059.2731580595923,2232064.9088868164
101.0680689966886,2,41,22,1,8.796043275208092,0,1618.4530955637385,2391727.407722776
118.22881325331079,2,5,20,1,8.84427294576166,0,193.18938162252417,2745624.2602924043
89.91302924253675,2,13,6,1,4.765112267443822,1,2799.279557307374,2138024.6468889145
102.7250939397128,2,23,3,1,4.999560566059725,0,933.9462999982404,2405622.77964932
82.75660764281933,3,30,28,1,3.7295464546407437,1,472.0359131065985,2023904.4540883817
121.00293038623681,3,37,24,0,7.449456690640279,1,100.0,2725689.8948174994
68.09019244851825,3,25,26,1,4.227952267238132,0,1158.5795374018867,1592869.0187630735
130.0235108227704,2,48,13,1,3.410132270703704,1,407.57750321627697,3049563.2027341053
83.99605123389142,3,27,13,1,4.890079535540574,1,1014.2835420666196,2064834.0734635536
49.230622447048795,3,14,2,0,1.8233876654871284,0,899.1779486674668,1164095.9991309098
88.20261037276973,2,48,5,1,7.719428841797835,0,894.8993420154569,1957168.2933318757
67.97370856312799,3,47,17,1,1.1133676114460827,1,598.9520625581541,1713238.7138033158
106.0160887247181,2,36,6,1,6.800365553685346,1,172.24272549226376,2602567.8056653794
68.68440051744022,2,39,2,0,2.645780740793852,0,204.8572553303348,1284845.813349477
73.8454141696305,1,16,4,1,3.091636415929718,0,184.42380310571542,1678772.0985169853
40.0,2,22,22,1,6.72068798776036,1,100.0,1117361.9509029542
73.69234201877308,2,21,26,1,9.936491192046164,0,436.8179001626665,1850798.4383907022
40.0,3,21,11,1,7.999457401652956,0,600.0462884872687,1204839.4046166057
45.40242941285692,4,8,8,1,3.032556690010528,1,961.6156128378985,1578479.5682469457
104.01036640360743,3,49,12,1,2.584222795370204,0,100.0,2282525.258443172
104.6450039662708,3,16,8,1,8.796095832409033,0,392.83209632034357,2462217.7036449756
95.63643904462413,2,31,11,1,4.997655531293539,1,100.0,2276937.436579629
60.825596421769674,3,42,22,0,2.2334752254533994,1,100.0,1569935.8626432456
83.8072160964505,1,10,20,1,8.759902809897444,0,100.0,1981589.7220519367
84.90993652273579,2,32,8,0,8.344831176228354,0,646.3619997163103,2057314.2755473894
56.04088277018643,2,34,29,1,9.855157275074472,0,100.0,1469167.2458512231
122.58495754417876,2,9,8,0,9.187693180414156,1,630.188659842545,2854194.2575479373
106.93405726439178,1,17,26,0,8.666113047944876,0,143.5909017439732,2371692.4226010256
79.47589565425841,1,11,17,1,1.4731695802990283,0,1050.6921082660936,1565070.7179200102
85.67214597486327,2,32,20,0,1.9397383254830622,0,838.7245303875497,1561602.8805389102
90.20957019868881,4,10,20,1,6.120848748737105,1,1583.0256841728647,2367902.8138203463
40.0,2,22,23,0,5.783313216536388,0,1076.0577993176635,1002248.4526753824
78.82056543698508,2,17,16,1,5.12166893040582,0,1353.9957447854874,1873627.6402098332
67.95039380005504,1,4,14,1,4.571103928731258,0,978.5850402050438,1599821.8745863803
59.95949975262711,3,48,11,1,4.88089436377896,1,591.0761408597214,1813720.615559299
77.97249267785112,2,47,7,1,6.123681407213157,0,100.0,1804001.230100687
129.94216317123806,2,25,16,0,1.0186886584007309,0,158.52627582675493,2529587.1120485873
101.02107153167525,2,21,13,1,3.34637896719567,0,119.5900803910931,2136429.5124712945
70.72052525543008,1,37,27,0,5.6645174861984,1,462.6478118163569,1691123.5403930992
99.31456953390396,1,38,15,1,7.499944888062816,0,350.20669579725444,2191742.9416481713
